<?xml version="1.0"?>
<open_source_uploader>
	<general name="Test Open Source" description="This is test description" stage_width="369" stage_height="262" immediate_upload_start="false" background_image_path="image_uploader_data/bg.png" upload_to_url="upload.php" uploading_success_url="uploaded.php" uploading_fail_url="fail.php" 	right_click_text = "" right_click_url = ""	show_quadroland_link = "true"	/>
	<file_filter description="Фотографии и изображения (*.jpg, *.jpeg, *.gif, *.png)" extension="*.jpg; *.jpeg; *.gif; *.png"/>
	<files_area pos_x="15" pos_y="15" width="338" height="190"/>
	<one_file_area pos_x="5" width="305" height="40" dist_between_files="2" alpha="1">
		<frame normal_color="0xD0D0D0" mouseover_color="0x969292" round_radius="0" thickness="1" alpha="1" rolltime="0.3"/>
		<background normal_color="0xF4F4F4" mouseover_color="0xFFFFFF"/>
		<progress_bar fill_color="0xE0E0E0" border_color="0x787878" border_thickness="1" underline_height="1" main_height="3" width="250" pos_x="8" underlined_pos_y="35" main_pos_y="30" round_radius="0" alpha="1"/>
		<file_text pos_x="8" pos_y="5" width="250" font_size="12" font_name="Arial" font_color = "0xFF0000" />
		<delete_success_button pos_x="280" pos_y="15" normal_image_path_delete="image_uploader_data/delete_btn_normal.png" mouseover_image_path_delete="image_uploader_data/delete_btn_mouseover.png" image_path_success="image_uploader_data/done.png"/>
	</one_file_area>
	<add_files_button pos_x="50" pos_y="222" normal_image_path="image_uploader_data/add_photos_normal.png" mouseover_image_path="image_uploader_data/add_photos_mouseover.png"/>
	<upload_button pos_x="222" pos_y="222" normal_image_path="image_uploader_data/upload_normal.png" mouseover_image_path="image_uploader_data/upload_mouseover.png"/>
</open_source_uploader>
